id,nombre,apellidos,provincia,email,telefono,area
1,aroa,jauregui parejo,Álava,aroa.jauregui.1@yopmail.com,+34 622859992,cardiología
2,virgilio,perez macias,Álava,virgilio.perez.2@yopmail.com,+34 671348329,neumología
3,esteban,marin sevilla,Álava,esteban.marin.3@yopmail.com,+34 671886758,endocrinología
4,juan_antonio,navarrete marin,Álava,juan_antonio.navarrete.4@yopmail.com,+34 615410432,neurología
5,lorenza,coello bejarano,Álava,lorenza.coello.5@yopmail.com,+34 645391649,gastroenterología
6,aurelio,villaverde barrio,Álava,aurelio.villaverde.6@yopmail.com,+34 606644981,alergología
7,lucila,recio jordan,Álava,lucila.recio.7@yopmail.com,+34 602622514,psiquiatría
8,hernan,sarmiento saura,Álava,hernan.sarmiento.8@yopmail.com,+34 676755457,médico de cabecera
9,berto,castilla vives,Albacete,berto.castilla.9@yopmail.com,+34 662279179,cardiología
10,cristobal,peinado tello,Albacete,cristobal.peinado.10@yopmail.com,+34 621078650,neumología
11,ruy,arrieta terron,Albacete,ruy.arrieta.11@yopmail.com,+34 648175931,endocrinología
12,juan_manuel,gibert flor,Albacete,juan_manuel.gibert.12@yopmail.com,+34 665761335,neurología
13,maria_teresa,patino gil,Albacete,maria_teresa.patino.13@yopmail.com,+34 626823405,gastroenterología
14,maricela,villalonga ripoll,Albacete,maricela.villalonga.14@yopmail.com,+34 672946495,alergología
15,jacinto,peinado sole,Albacete,jacinto.peinado.15@yopmail.com,+34 689751494,psiquiatría
16,marcelo,adan aliaga,Albacete,marcelo.adan.16@yopmail.com,+34 634439518,médico de cabecera
17,edgardo,pineda olivera,Alicante,edgardo.pineda.17@yopmail.com,+34 694655419,cardiología
18,irene,villalonga roura,Alicante,irene.villalonga.18@yopmail.com,+34 674482304,neumología
19,dan,pedrosa pazos,Alicante,dan.pedrosa.19@yopmail.com,+34 647358913,endocrinología
20,gregorio,bertran narvaez,Alicante,gregorio.bertran.20@yopmail.com,+34 694840743,neurología
21,marisol,chaves talavera,Alicante,marisol.chaves.21@yopmail.com,+34 643181096,gastroenterología
22,edu,carrion berrocal,Alicante,edu.carrion.22@yopmail.com,+34 654765722,alergología
23,mamen,collado santos,Alicante,mamen.collado.23@yopmail.com,+34 660422050,psiquiatría
24,federico,barroso marti,Alicante,federico.barroso.24@yopmail.com,+34 675990926,médico de cabecera
25,juan,ropero batalla,Almería,juan.ropero.25@yopmail.com,+34 686907291,cardiología
26,manuela,cordoba font,Almería,manuela.cordoba.26@yopmail.com,+34 630347816,neumología
27,cruz,reig calvo,Almería,cruz.reig.27@yopmail.com,+34 636938573,endocrinología
28,apolonia,revilla ruiz,Almería,apolonia.revilla.28@yopmail.com,+34 697186746,neurología
29,odalys,tamayo vinas,Almería,odalys.tamayo.29@yopmail.com,+34 635611316,gastroenterología
30,carmen,carvajal querol,Almería,carmen.carvajal.30@yopmail.com,+34 679359150,alergología
31,chuy,lucena blazquez,Almería,chuy.lucena.31@yopmail.com,+34 668466592,psiquiatría
32,vidal,canton gallart,Almería,vidal.canton.32@yopmail.com,+34 608420074,médico de cabecera
33,renata,plaza moraleda,Asturias,renata.plaza.33@yopmail.com,+34 616483963,cardiología
34,ruben,alcalde pedraza,Asturias,ruben.alcalde.34@yopmail.com,+34 612506701,neumología
35,bartolome,bermudez canovas,Asturias,bartolome.bermudez.35@yopmail.com,+34 651994053,endocrinología
36,maximiano,riba cerro,Asturias,maximiano.riba.36@yopmail.com,+34 607464196,neurología
37,guillermo,villalobos gallego,Asturias,guillermo.villalobos.37@yopmail.com,+34 693394345,gastroenterología
38,reyes,castellanos hervia,Asturias,reyes.castellanos.38@yopmail.com,+34 685581177,alergología
39,rosalina,casares galvez,Asturias,rosalina.casares.39@yopmail.com,+34 660342955,psiquiatría
40,cipriano,sobrino barba,Asturias,cipriano.sobrino.40@yopmail.com,+34 651108220,médico de cabecera
41,gerardo,gordillo esteve,Ávila,gerardo.gordillo.41@yopmail.com,+34 661354210,cardiología
42,carmelo,bermejo herranz,Ávila,carmelo.bermejo.42@yopmail.com,+34 616428134,neumología
43,chema,calvet peinado,Ávila,chema.calvet.43@yopmail.com,+34 667790774,endocrinología
44,arturo,abascal cordero,Ávila,arturo.abascal.44@yopmail.com,+34 612634172,neurología
45,carla,mendez vicens,Ávila,carla.mendez.45@yopmail.com,+34 683412634,gastroenterología
46,bernardita,agullo hierro,Ávila,bernardita.agullo.46@yopmail.com,+34 626536258,alergología
47,jose_ignacio,jimenez amador,Ávila,jose_ignacio.jimenez.47@yopmail.com,+34 628488295,psiquiatría
48,asuncion,quevedo alba,Ávila,asuncion.quevedo.48@yopmail.com,+34 639983796,médico de cabecera
49,cecilia,anguita real,Badajoz,cecilia.anguita.49@yopmail.com,+34 666362558,cardiología
50,ramona,guillen gallart,Badajoz,ramona.guillen.50@yopmail.com,+34 668545093,neumología
51,walter,mateo jordan,Badajoz,walter.mateo.51@yopmail.com,+34 657025515,endocrinología
52,ambrosio,cano azorin,Badajoz,ambrosio.cano.52@yopmail.com,+34 621346476,neurología
53,serafina,mata flor,Badajoz,serafina.mata.53@yopmail.com,+34 601647455,gastroenterología
54,irma,esteve pina,Badajoz,irma.esteve.54@yopmail.com,+34 642012627,alergología
55,jenaro,talavera rosell,Badajoz,jenaro.talavera.55@yopmail.com,+34 696692013,psiquiatría
56,fidel,casanova hernandez,Badajoz,fidel.casanova.56@yopmail.com,+34 610111388,médico de cabecera
57,salud,rocha gutierrez,Baleares,salud.rocha.57@yopmail.com,+34 667851828,cardiología
58,javier,saez roman,Baleares,javier.saez.58@yopmail.com,+34 603285450,neumología
59,custodio,mate izaguirre,Baleares,custodio.mate.59@yopmail.com,+34 668266247,endocrinología
60,agueda,cisneros valls,Baleares,agueda.cisneros.60@yopmail.com,+34 602233496,neurología
61,luciana,suarez clavero,Baleares,luciana.suarez.61@yopmail.com,+34 697758584,gastroenterología
62,lucas,ribes rincon,Baleares,lucas.ribes.62@yopmail.com,+34 673093346,alergología
63,raimundo,alcaraz galvan,Baleares,raimundo.alcaraz.63@yopmail.com,+34 646460618,psiquiatría
64,ignacia,torrent bastida,Baleares,ignacia.torrent.64@yopmail.com,+34 606012432,médico de cabecera
65,trini,santiago posada,Barcelona,trini.santiago.65@yopmail.com,+34 691916991,cardiología
66,geraldo,soler moreno,Barcelona,geraldo.soler.66@yopmail.com,+34 684254728,neumología
67,regulo,diaz rivas,Barcelona,regulo.diaz.67@yopmail.com,+34 608901621,endocrinología
68,clementina,marin molins,Barcelona,clementina.marin.68@yopmail.com,+34 628465805,neurología
69,josefa,paredes pascual,Barcelona,josefa.paredes.69@yopmail.com,+34 686027967,gastroenterología
70,aurora,ballester mendez,Barcelona,aurora.ballester.70@yopmail.com,+34 610517742,alergología
71,bibiana,cerro izquierdo,Barcelona,bibiana.cerro.71@yopmail.com,+34 618385496,psiquiatría
72,adolfo,larrea alemany,Barcelona,adolfo.larrea.72@yopmail.com,+34 689527113,médico de cabecera
73,ulises,cal chaparro,Burgos,ulises.cal.73@yopmail.com,+34 634418269,cardiología
74,efrain,bayo torrecilla,Burgos,efrain.bayo.74@yopmail.com,+34 674298912,neumología
75,amor,pacheco gimenez,Burgos,amor.pacheco.75@yopmail.com,+34 645523276,endocrinología
76,rocio,camacho canton,Burgos,rocio.camacho.76@yopmail.com,+34 614136588,neurología
77,maria_carmen,cepeda amat,Burgos,maria_carmen.cepeda.77@yopmail.com,+34 621478668,gastroenterología
78,bautista,vall chico,Burgos,bautista.vall.78@yopmail.com,+34 621277186,alergología
79,marisa,vicente quintana,Burgos,marisa.vicente.79@yopmail.com,+34 602152622,psiquiatría
80,perlita,belmonte verdu,Burgos,perlita.belmonte.80@yopmail.com,+34 655006213,médico de cabecera
81,caridad,carvajal pallares,Cáceres,caridad.carvajal.81@yopmail.com,+34 603835794,cardiología
82,encarnacion,sanjuan lobo,Cáceres,encarnacion.sanjuan.82@yopmail.com,+34 681304983,neumología
83,juanita,sanmiguel correa,Cáceres,juanita.sanmiguel.83@yopmail.com,+34 669417312,endocrinología
84,gilberto,villegas garay,Cáceres,gilberto.villegas.84@yopmail.com,+34 621555263,neurología
85,gilberto,grande maestre,Cáceres,gilberto.grande.85@yopmail.com,+34 632579830,gastroenterología
86,miguel_angel,ballesteros paz,Cáceres,miguel_angel.ballesteros.86@yopmail.com,+34 608066063,alergología
87,adoracion,carbo araujo,Cáceres,adoracion.carbo.87@yopmail.com,+34 670487696,psiquiatría
88,inocencio,cordoba navarro,Cáceres,inocencio.cordoba.88@yopmail.com,+34 692395330,médico de cabecera
89,cruz,fuentes acosta,Cádiz,cruz.fuentes.89@yopmail.com,+34 664543341,cardiología
90,liliana,becerra asenjo,Cádiz,liliana.becerra.90@yopmail.com,+34 601832856,neumología
91,elpidio,corbacho posada,Cádiz,elpidio.corbacho.91@yopmail.com,+34 608974891,endocrinología
92,zacarias,cardona puga,Cádiz,zacarias.cardona.92@yopmail.com,+34 619091912,neurología
93,hipolito,ruiz reina,Cádiz,hipolito.ruiz.93@yopmail.com,+34 694884240,gastroenterología
94,bartolome,coll sanmartin,Cádiz,bartolome.coll.94@yopmail.com,+34 607450915,alergología
95,fausto,urrutia puerta,Cádiz,fausto.urrutia.95@yopmail.com,+34 651650708,psiquiatría
96,cruz,acevedo cozar,Cádiz,cruz.acevedo.96@yopmail.com,+34 664589912,médico de cabecera
97,ursula,ojeda rocha,Cantabria,ursula.ojeda.97@yopmail.com,+34 652349968,cardiología
98,aurelio,manjon rivero,Cantabria,aurelio.manjon.98@yopmail.com,+34 622703010,neumología
99,jeronimo,baro toro,Cantabria,jeronimo.baro.99@yopmail.com,+34 646814360,endocrinología
100,rafaela,jimenez borrego,Cantabria,rafaela.jimenez.100@yopmail.com,+34 689832242,neurología
101,lupe,rubio alegre,Cantabria,lupe.rubio.101@yopmail.com,+34 673298390,gastroenterología
102,emigdio,roma botella,Cantabria,emigdio.roma.102@yopmail.com,+34 691550744,alergología
103,ale,verdugo arnal,Cantabria,ale.verdugo.103@yopmail.com,+34 660842588,psiquiatría
104,simon,rodriguez fernandez,Cantabria,simon.rodriguez.104@yopmail.com,+34 630362727,médico de cabecera
105,aurea,crespi escobar,Castellón,aurea.crespi.105@yopmail.com,+34 699122045,cardiología
106,olalla,nebot canellas,Castellón,olalla.nebot.106@yopmail.com,+34 627525190,neumología
107,modesto,silva jerez,Castellón,modesto.silva.107@yopmail.com,+34 631912073,endocrinología
108,marita,solano enriquez,Castellón,marita.solano.108@yopmail.com,+34 669397151,neurología
109,celso,asenjo girona,Castellón,celso.asenjo.109@yopmail.com,+34 684825225,gastroenterología
110,adriana,mesa ballesteros,Castellón,adriana.mesa.110@yopmail.com,+34 654530498,alergología
111,nelida,carballo ferrera,Castellón,nelida.carballo.111@yopmail.com,+34 619014124,psiquiatría
112,belen,maldonado farre,Castellón,belen.maldonado.112@yopmail.com,+34 664023121,médico de cabecera
113,manuel,santamaria colom,Ciudad Real,manuel.santamaria.113@yopmail.com,+34 650782417,cardiología
114,iban,rosado andrade,Ciudad Real,iban.rosado.114@yopmail.com,+34 691740248,neumología
115,julia,echeverria vera,Ciudad Real,julia.echeverria.115@yopmail.com,+34 696760386,endocrinología
116,alondra,jove costa,Ciudad Real,alondra.jove.116@yopmail.com,+34 646041045,neurología
117,patricia,barranco lloret,Ciudad Real,patricia.barranco.117@yopmail.com,+34 605683481,gastroenterología
118,calisto,soto canete,Ciudad Real,calisto.soto.118@yopmail.com,+34 680839862,alergología
119,perlita,uribe rojas,Ciudad Real,perlita.uribe.119@yopmail.com,+34 607599227,psiquiatría
120,rufina,tomas valdes,Ciudad Real,rufina.tomas.120@yopmail.com,+34 694069282,médico de cabecera
121,narcisa,alba riba,Córdoba,narcisa.alba.121@yopmail.com,+34 664476233,cardiología
122,pepe,bauza bolanos,Córdoba,pepe.bauza.122@yopmail.com,+34 692432025,neumología
123,loida,quevedo lopez,Córdoba,loida.quevedo.123@yopmail.com,+34 630249280,endocrinología
124,teresa,menendez aliaga,Córdoba,teresa.menendez.124@yopmail.com,+34 665307009,neurología
125,pacifica,guillen vila,Córdoba,pacifica.guillen.125@yopmail.com,+34 694423632,gastroenterología
126,pepita,pujol grande,Córdoba,pepita.pujol.126@yopmail.com,+34 689237108,alergología
127,ascension,albero orozco,Córdoba,ascension.albero.127@yopmail.com,+34 687564400,psiquiatría
128,manola,ugarte rio,Córdoba,manola.ugarte.128@yopmail.com,+34 655812393,médico de cabecera
129,gabino,molins ferrera,A Coruña,gabino.molins.129@yopmail.com,+34 603981308,cardiología
130,luz,gallego murcia,A Coruña,luz.gallego.130@yopmail.com,+34 619995059,neumología
131,iban,mascaro ponce,A Coruña,iban.mascaro.131@yopmail.com,+34 679993512,endocrinología
132,leyre,casals lujan,A Coruña,leyre.casals.132@yopmail.com,+34 650536548,neurología
133,reinaldo,delgado montalban,A Coruña,reinaldo.delgado.133@yopmail.com,+34 656746760,gastroenterología
134,ambar,cano tolosa,A Coruña,ambar.cano.134@yopmail.com,+34 601976851,alergología
135,ruben,benavent gimenez,A Coruña,ruben.benavent.135@yopmail.com,+34 676637942,psiquiatría
136,marcela,garate garriga,A Coruña,marcela.garate.136@yopmail.com,+34 642343793,médico de cabecera
137,eloy,rico marti,Cuenca,eloy.rico.137@yopmail.com,+34 653385769,cardiología
138,carmina,manuel aviles,Cuenca,carmina.manuel.138@yopmail.com,+34 634806253,neumología
139,purificacion,cuenca saldana,Cuenca,purificacion.cuenca.139@yopmail.com,+34 625779798,endocrinología
140,montserrat,solana peralta,Cuenca,montserrat.solana.140@yopmail.com,+34 675117006,neurología
141,vicente,carvajal alcolea,Cuenca,vicente.carvajal.141@yopmail.com,+34 611434955,gastroenterología
142,ciriaco,fabra frias,Cuenca,ciriaco.fabra.142@yopmail.com,+34 671819331,alergología
143,leoncio,alegre salamanca,Cuenca,leoncio.alegre.143@yopmail.com,+34 607868989,psiquiatría
144,itziar,mora collado,Cuenca,itziar.mora.144@yopmail.com,+34 605266563,médico de cabecera
145,jacinta,marti morcillo,Girona,jacinta.marti.145@yopmail.com,+34 671340685,cardiología
146,martina,diaz ortuno,Girona,martina.diaz.146@yopmail.com,+34 641826242,neumología
147,sigfrido,taboada calderon,Girona,sigfrido.taboada.147@yopmail.com,+34 662926535,endocrinología
148,nacio,iniesta burgos,Girona,nacio.iniesta.148@yopmail.com,+34 601139188,neurología
149,carina,requena tomas,Girona,carina.requena.149@yopmail.com,+34 635692025,gastroenterología
150,melania,oliva serna,Girona,melania.oliva.150@yopmail.com,+34 649401837,alergología
151,silvia,ayala orozco,Girona,silvia.ayala.151@yopmail.com,+34 611355203,psiquiatría
152,caridad,asensio samper,Girona,caridad.asensio.152@yopmail.com,+34 685058481,médico de cabecera
153,alonso,iglesias valcarcel,Granada,alonso.iglesias.153@yopmail.com,+34 644889418,cardiología
154,teodora,porras morata,Granada,teodora.porras.154@yopmail.com,+34 696008606,neumología
155,silvio,belmonte laguna,Granada,silvio.belmonte.155@yopmail.com,+34 630912094,endocrinología
156,yessica,marquez jurado,Granada,yessica.marquez.156@yopmail.com,+34 627759901,neurología
157,tomasa,nogues agudo,Granada,tomasa.nogues.157@yopmail.com,+34 623998739,gastroenterología
158,odalis,talavera sosa,Granada,odalis.talavera.158@yopmail.com,+34 674347821,alergología
159,maricela,diaz bellido,Granada,maricela.diaz.159@yopmail.com,+34 662365778,psiquiatría
160,victorino,lopez tur,Granada,victorino.lopez.160@yopmail.com,+34 667447960,médico de cabecera
161,montserrat,bolanos villegas,Guadalajara,montserrat.bolanos.161@yopmail.com,+34 660600756,cardiología
162,adalberto,segui escudero,Guadalajara,adalberto.segui.162@yopmail.com,+34 606041920,neumología
163,rosario,valle sosa,Guadalajara,rosario.valle.163@yopmail.com,+34 681435017,endocrinología
164,marino,rodenas abascal,Guadalajara,marino.rodenas.164@yopmail.com,+34 646778031,neurología
165,leticia,valcarcel duran,Guadalajara,leticia.valcarcel.165@yopmail.com,+34 645512679,gastroenterología
166,evita,montana santana,Guadalajara,evita.montana.166@yopmail.com,+34 678557360,alergología
167,marisol,arnal cepeda,Guadalajara,marisol.arnal.167@yopmail.com,+34 651008218,psiquiatría
168,nelida,clavero sanabria,Guadalajara,nelida.clavero.168@yopmail.com,+34 647424277,médico de cabecera
169,cayetana,nevado carreras,Gipuzkoa,cayetana.nevado.169@yopmail.com,+34 656241869,cardiología
170,bonifacio,grande barriga,Gipuzkoa,bonifacio.grande.170@yopmail.com,+34 612997167,neumología
171,maximino,jove ugarte,Gipuzkoa,maximino.jove.171@yopmail.com,+34 603044554,endocrinología
172,zacarias,codina santos,Gipuzkoa,zacarias.codina.172@yopmail.com,+34 633643848,neurología
173,consuela,manzanares conde,Gipuzkoa,consuela.manzanares.173@yopmail.com,+34 601261433,gastroenterología
174,francisco,mateu pozo,Gipuzkoa,francisco.mateu.174@yopmail.com,+34 624597467,alergología
175,maria_del_carmen,cornejo rius,Gipuzkoa,maria_del_carmen.cornejo.175@yopmail.com,+34 659904539,psiquiatría
176,macarena,ruiz ballesteros,Gipuzkoa,macarena.ruiz.176@yopmail.com,+34 691080062,médico de cabecera
177,danilo,prat penas,Huelva,danilo.prat.177@yopmail.com,+34 610446469,cardiología
178,lino,castaneda redondo,Huelva,lino.castaneda.178@yopmail.com,+34 616286323,neumología
179,maria_teresa,montalban tejero,Huelva,maria_teresa.montalban.179@yopmail.com,+34 606735301,endocrinología
180,jose_ignacio,carballo rocamora,Huelva,jose_ignacio.carballo.180@yopmail.com,+34 652722987,neurología
181,manuelita,ribes diego,Huelva,manuelita.ribes.181@yopmail.com,+34 637836132,gastroenterología
182,pio,cases zamorano,Huelva,pio.cases.182@yopmail.com,+34 672209024,alergología
183,eustaquio,atienza catala,Huelva,eustaquio.atienza.183@yopmail.com,+34 652309857,psiquiatría
184,adora,ros hoz,Huelva,adora.ros.184@yopmail.com,+34 638994767,médico de cabecera
185,rosalinda,cano adan,Huesca,rosalinda.cano.185@yopmail.com,+34 601562073,cardiología
186,dan,torrent casas,Huesca,dan.torrent.186@yopmail.com,+34 647927667,neumología
187,roman,calderon ortiz,Huesca,roman.calderon.187@yopmail.com,+34 667322130,endocrinología
188,amparo,sanabria moles,Huesca,amparo.sanabria.188@yopmail.com,+34 608494192,neurología
189,guadalupe,tomas calatayud,Huesca,guadalupe.tomas.189@yopmail.com,+34 610203798,gastroenterología
190,german,llobet arcos,Huesca,german.llobet.190@yopmail.com,+34 654241461,alergología
191,lupe,iborra mesa,Huesca,lupe.iborra.191@yopmail.com,+34 619237814,psiquiatría
192,feliciana,roura villalba,Huesca,feliciana.roura.192@yopmail.com,+34 628001617,médico de cabecera
193,ivan,ramirez palomares,Jaén,ivan.ramirez.193@yopmail.com,+34 632370899,cardiología
194,edgar,nebot alsina,Jaén,edgar.nebot.194@yopmail.com,+34 633120175,neumología
195,macaria,buendia canet,Jaén,macaria.buendia.195@yopmail.com,+34 634961539,endocrinología
196,morena,vallejo lasa,Jaén,morena.vallejo.196@yopmail.com,+34 678839085,neurología
197,bonifacio,zaragoza barral,Jaén,bonifacio.zaragoza.197@yopmail.com,+34 685197243,gastroenterología
198,benigna,catala mata,Jaén,benigna.catala.198@yopmail.com,+34 610775319,alergología
199,felipe,romero bayon,Jaén,felipe.romero.199@yopmail.com,+34 684107071,psiquiatría
200,rufina,marin linares,Jaén,rufina.marin.200@yopmail.com,+34 631091781,médico de cabecera
201,flavio,cueto goni,León,flavio.cueto.201@yopmail.com,+34 615080149,cardiología
202,esmeralda,caparros miro,León,esmeralda.caparros.202@yopmail.com,+34 613707361,neumología
203,herberto,colomer luque,León,herberto.colomer.203@yopmail.com,+34 607777313,endocrinología
204,corona,becerra laguna,León,corona.becerra.204@yopmail.com,+34 640307179,neurología
205,angelino,vizcaino plana,León,angelino.vizcaino.205@yopmail.com,+34 690997942,gastroenterología
206,luna,rio arino,León,luna.rio.206@yopmail.com,+34 632857852,alergología
207,griselda,linares pelaez,León,griselda.linares.207@yopmail.com,+34 669598661,psiquiatría
208,blas,carvajal arnal,León,blas.carvajal.208@yopmail.com,+34 666891083,médico de cabecera
209,vanesa,carro barros,Lleida,vanesa.carro.209@yopmail.com,+34 630644004,cardiología
210,juliana,martorell aranda,Lleida,juliana.martorell.210@yopmail.com,+34 652105759,neumología
211,teodosio,cabeza canton,Lleida,teodosio.cabeza.211@yopmail.com,+34 678843749,endocrinología
212,fortunata,carvajal tenorio,Lleida,fortunata.carvajal.212@yopmail.com,+34 614246884,neurología
213,vidal,mora saura,Lleida,vidal.mora.213@yopmail.com,+34 689500986,gastroenterología
214,ambar,rossello amoros,Lleida,ambar.rossello.214@yopmail.com,+34 656416953,alergología
215,paco,castaneda agustin,Lleida,paco.castaneda.215@yopmail.com,+34 622966276,psiquiatría
216,victor,conde blanco,Lleida,victor.conde.216@yopmail.com,+34 681006097,médico de cabecera
217,gerardo,montserrat julia,Lugo,gerardo.montserrat.217@yopmail.com,+34 683801397,cardiología
218,arcelia,alvarez montenegro,Lugo,arcelia.alvarez.218@yopmail.com,+34 645432858,neumología
219,lorena,juarez reyes,Lugo,lorena.juarez.219@yopmail.com,+34 630890715,endocrinología
220,valeria,gonzalez cerezo,Lugo,valeria.gonzalez.220@yopmail.com,+34 695234217,neurología
221,adelina,benitez gomez,Lugo,adelina.benitez.221@yopmail.com,+34 621528332,gastroenterología
222,joel,ramirez cabrera,Lugo,joel.ramirez.222@yopmail.com,+34 673826335,alergología
223,anastasia,taboada nieto,Lugo,anastasia.taboada.223@yopmail.com,+34 633379206,psiquiatría
224,luna,garmendia manrique,Lugo,luna.garmendia.224@yopmail.com,+34 662805285,médico de cabecera
225,rosalina,elorza gracia,Madrid,rosalina.elorza.225@yopmail.com,+34 629576538,cardiología
226,horacio,fuente blanch,Madrid,horacio.fuente.226@yopmail.com,+34 672440330,neumología
227,leticia,bilbao alarcon,Madrid,leticia.bilbao.227@yopmail.com,+34 695889579,endocrinología
228,camila,barroso plaza,Madrid,camila.barroso.228@yopmail.com,+34 639869405,neurología
229,ulises,cozar carnero,Madrid,ulises.cozar.229@yopmail.com,+34 678673411,gastroenterología
230,jose_antonio,portillo alcazar,Madrid,jose_antonio.portillo.230@yopmail.com,+34 659895164,alergología
231,victoria,lerma cardenas,Madrid,victoria.lerma.231@yopmail.com,+34 656322335,psiquiatría
232,clara,taboada canton,Madrid,clara.taboada.232@yopmail.com,+34 629611966,médico de cabecera
233,tiburcio,fuentes cruz,Málaga,tiburcio.fuentes.233@yopmail.com,+34 612652313,cardiología
234,hernando,ayala albero,Málaga,hernando.ayala.234@yopmail.com,+34 667571135,neumología
235,manuela,montalban bauza,Málaga,manuela.montalban.235@yopmail.com,+34 674900062,endocrinología
236,susana,morillo acosta,Málaga,susana.morillo.236@yopmail.com,+34 620534983,neurología
237,abigail,luz galvez,Málaga,abigail.luz.237@yopmail.com,+34 605681341,gastroenterología
238,julio,alamo velasco,Málaga,julio.alamo.238@yopmail.com,+34 679241214,alergología
239,belen,lasa simo,Málaga,belen.lasa.239@yopmail.com,+34 635352833,psiquiatría
240,fortunata,arco cuadrado,Málaga,fortunata.arco.240@yopmail.com,+34 600365099,médico de cabecera
241,haydee,salmeron blanes,Murcia,haydee.salmeron.241@yopmail.com,+34 680644539,cardiología
242,estefania,gomis alberola,Murcia,estefania.gomis.242@yopmail.com,+34 660977184,neumología
243,america,belda batalla,Murcia,america.belda.243@yopmail.com,+34 634783732,endocrinología
244,adelia,prats escudero,Murcia,adelia.prats.244@yopmail.com,+34 679263580,neurología
245,amaro,iglesias abad,Murcia,amaro.iglesias.245@yopmail.com,+34 635345150,gastroenterología
246,estrella,roldan lledo,Murcia,estrella.roldan.246@yopmail.com,+34 661764626,alergología
247,custodio,ripoll nieto,Murcia,custodio.ripoll.247@yopmail.com,+34 665916355,psiquiatría
248,debora,guerra fuster,Murcia,debora.guerra.248@yopmail.com,+34 607067930,médico de cabecera
249,marino,alegre campos,Navarra,marino.alegre.249@yopmail.com,+34 670102570,cardiología
250,lalo,mancebo sancho,Navarra,lalo.mancebo.250@yopmail.com,+34 670472870,neumología
251,francisco_javier,gonzalo barbero,Navarra,francisco_javier.gonzalo.251@yopmail.com,+34 623524237,endocrinología
252,eleuterio,lillo castell,Navarra,eleuterio.lillo.252@yopmail.com,+34 607109909,neurología
253,azucena,roura pastor,Navarra,azucena.roura.253@yopmail.com,+34 606485376,gastroenterología
254,amparo,montesinos almagro,Navarra,amparo.montesinos.254@yopmail.com,+34 618817822,alergología
255,fermin,diaz bertran,Navarra,fermin.diaz.255@yopmail.com,+34 697927484,psiquiatría
256,africa,mayo esparza,Navarra,africa.mayo.256@yopmail.com,+34 695477448,médico de cabecera
257,omar,munoz castrillo,Ourense,omar.munoz.257@yopmail.com,+34 651980060,cardiología
258,adoracion,urena prado,Ourense,adoracion.urena.258@yopmail.com,+34 632745262,neumología
259,eva_maria,rocamora colom,Ourense,eva_maria.rocamora.259@yopmail.com,+34 601411754,endocrinología
260,azahara,robledo amador,Ourense,azahara.robledo.260@yopmail.com,+34 674483319,neurología
261,feliciano,cuenca almazan,Ourense,feliciano.cuenca.261@yopmail.com,+34 634813448,gastroenterología
262,consuelo,montes mulet,Ourense,consuelo.montes.262@yopmail.com,+34 670280783,alergología
263,americo,gonzalo serra,Ourense,americo.gonzalo.263@yopmail.com,+34 655004540,psiquiatría
264,emigdio,canellas echeverria,Ourense,emigdio.canellas.264@yopmail.com,+34 627649772,médico de cabecera
265,leon,aragon jorda,Palencia,leon.aragon.265@yopmail.com,+34 644868383,cardiología
266,benigno,tolosa falco,Palencia,benigno.tolosa.266@yopmail.com,+34 623472142,neumología
267,martin,manuel moraleda,Palencia,martin.manuel.267@yopmail.com,+34 625035268,endocrinología
268,macario,pelayo valverde,Palencia,macario.pelayo.268@yopmail.com,+34 614966581,neurología
269,silvio,machado blanco,Palencia,silvio.machado.269@yopmail.com,+34 655208356,gastroenterología
270,alma,portillo cifuentes,Palencia,alma.portillo.270@yopmail.com,+34 676764578,alergología
271,maria_del_carmen,gallo llamas,Palencia,maria_del_carmen.gallo.271@yopmail.com,+34 665835316,psiquiatría
272,cristobal,salgado polo,Palencia,cristobal.salgado.272@yopmail.com,+34 643726259,médico de cabecera
273,jacinto,blanch mur,Las Palmas,jacinto.blanch.273@yopmail.com,+34 644593330,cardiología
274,adrian,melendez diaz,Las Palmas,adrian.melendez.274@yopmail.com,+34 682176006,neumología
275,ines,tamarit collado,Las Palmas,ines.tamarit.275@yopmail.com,+34 626557455,endocrinología
276,laura,osuna sabater,Las Palmas,laura.osuna.276@yopmail.com,+34 608174988,neurología
277,serafina,penas arteaga,Las Palmas,serafina.penas.277@yopmail.com,+34 692897801,gastroenterología
278,irma,guijarro gomila,Las Palmas,irma.guijarro.278@yopmail.com,+34 631962189,alergología
279,hilario,carro marino,Las Palmas,hilario.carro.279@yopmail.com,+34 646336541,psiquiatría
280,tecla,zorrilla espejo,Las Palmas,tecla.zorrilla.280@yopmail.com,+34 696386146,médico de cabecera
281,raul,abad barcena,Pontevedra,raul.abad.281@yopmail.com,+34 628445978,cardiología
282,moises,rossello matas,Pontevedra,moises.rossello.282@yopmail.com,+34 670136799,neumología
283,berta,escudero menendez,Pontevedra,berta.escudero.283@yopmail.com,+34 664595135,endocrinología
284,jose,amor rocha,Pontevedra,jose.amor.284@yopmail.com,+34 678626212,neurología
285,susana,ros ibanez,Pontevedra,susana.ros.285@yopmail.com,+34 639695958,gastroenterología
286,alexandra,sola isern,Pontevedra,alexandra.sola.286@yopmail.com,+34 619397717,alergología
287,rodrigo,godoy bonet,Pontevedra,rodrigo.godoy.287@yopmail.com,+34 648454662,psiquiatría
288,leocadia,barrera zorrilla,Pontevedra,leocadia.barrera.288@yopmail.com,+34 631533914,médico de cabecera
289,arsenio,salamanca moran,La Rioja,arsenio.salamanca.289@yopmail.com,+34 683406957,cardiología
290,julian,caro caparros,La Rioja,julian.caro.290@yopmail.com,+34 614511842,neumología
291,faustino,juarez pena,La Rioja,faustino.juarez.291@yopmail.com,+34 689951766,endocrinología
292,tere,tejero moya,La Rioja,tere.tejero.292@yopmail.com,+34 617500813,neurología
293,nando,borras domenech,La Rioja,nando.borras.293@yopmail.com,+34 639064491,gastroenterología
294,roxana,mayol narvaez,La Rioja,roxana.mayol.294@yopmail.com,+34 688623028,alergología
295,rebeca,andrade acosta,La Rioja,rebeca.andrade.295@yopmail.com,+34 692812080,psiquiatría
296,maxi,salazar morell,La Rioja,maxi.salazar.296@yopmail.com,+34 625998835,médico de cabecera
297,flavia,pinedo batalla,Salamanca,flavia.pinedo.297@yopmail.com,+34 695261194,cardiología
298,guillermo,belmonte casanovas,Salamanca,guillermo.belmonte.298@yopmail.com,+34 690701487,neumología
299,jessica,plaza castells,Salamanca,jessica.plaza.299@yopmail.com,+34 694942171,endocrinología
300,dionisia,larranaga isern,Salamanca,dionisia.larranaga.300@yopmail.com,+34 604175191,neurología
301,mariana,priego camara,Salamanca,mariana.priego.301@yopmail.com,+34 642200545,gastroenterología
302,guadalupe,querol borras,Salamanca,guadalupe.querol.302@yopmail.com,+34 639014083,alergología
303,paco,calzada sanchez,Salamanca,paco.calzada.303@yopmail.com,+34 646511652,psiquiatría
304,ariel,santiago casares,Salamanca,ariel.santiago.304@yopmail.com,+34 641517624,médico de cabecera
305,nazaret,requena lledo,Segovia,nazaret.requena.305@yopmail.com,+34 662814853,cardiología
306,lola,ojeda escribano,Segovia,lola.ojeda.306@yopmail.com,+34 650563211,neumología
307,patricia,sedano alamo,Segovia,patricia.sedano.307@yopmail.com,+34 683611773,endocrinología
308,odalys,gallo teruel,Segovia,odalys.gallo.308@yopmail.com,+34 626278188,neurología
309,jovita,tamarit mena,Segovia,jovita.tamarit.309@yopmail.com,+34 609991042,gastroenterología
310,pepe,ochoa canals,Segovia,pepe.ochoa.310@yopmail.com,+34 604855053,alergología
311,adriana,echeverria avila,Segovia,adriana.echeverria.311@yopmail.com,+34 630114779,psiquiatría
312,belen,nino menendez,Segovia,belen.nino.312@yopmail.com,+34 683786974,médico de cabecera
313,juan_manuel,novoa chico,Sevilla,juan_manuel.novoa.313@yopmail.com,+34 639263331,cardiología
314,flora,cano mayol,Sevilla,flora.cano.314@yopmail.com,+34 632447814,neumología
315,victor_manuel,mulet azcona,Sevilla,victor_manuel.mulet.315@yopmail.com,+34 644726070,endocrinología
316,herminia,sacristan chamorro,Sevilla,herminia.sacristan.316@yopmail.com,+34 651588025,neurología
317,leonardo,castrillo martinez,Sevilla,leonardo.castrillo.317@yopmail.com,+34 616008478,gastroenterología
318,amaro,tolosa sanmartin,Sevilla,amaro.tolosa.318@yopmail.com,+34 698792788,alergología
319,ciriaco,serna sevilla,Sevilla,ciriaco.serna.319@yopmail.com,+34 695645876,psiquiatría
320,sebastian,martorell iniesta,Sevilla,sebastian.martorell.320@yopmail.com,+34 623256498,médico de cabecera
321,tomas,ayala molins,Soria,tomas.ayala.321@yopmail.com,+34 668245035,cardiología
322,ascension,pereira torralba,Soria,ascension.pereira.322@yopmail.com,+34 684429100,neumología
323,agapito,pulido padilla,Soria,agapito.pulido.323@yopmail.com,+34 660016644,endocrinología
324,lisandro,esparza cerezo,Soria,lisandro.esparza.324@yopmail.com,+34 647232097,neurología
325,julian,zabala conesa,Soria,julian.zabala.325@yopmail.com,+34 629408065,gastroenterología
326,marcela,valdes mercader,Soria,marcela.valdes.326@yopmail.com,+34 693608191,alergología
327,lorena,sanz calderon,Soria,lorena.sanz.327@yopmail.com,+34 643254807,psiquiatría
328,goyo,losada segura,Soria,goyo.losada.328@yopmail.com,+34 681683713,médico de cabecera
329,julie,saenz barcena,Tarragona,julie.saenz.329@yopmail.com,+34 654933696,cardiología
330,inmaculada,acuna lillo,Tarragona,inmaculada.acuna.330@yopmail.com,+34 648868464,neumología
331,anacleto,ponce barbero,Tarragona,anacleto.ponce.331@yopmail.com,+34 625215676,endocrinología
332,marciano,peral mir,Tarragona,marciano.peral.332@yopmail.com,+34 604303945,neurología
333,gregorio,porcel chamorro,Tarragona,gregorio.porcel.333@yopmail.com,+34 645116689,gastroenterología
334,montserrat,busquets teruel,Tarragona,montserrat.busquets.334@yopmail.com,+34 679735037,alergología
335,teodoro,sans sastre,Tarragona,teodoro.sans.335@yopmail.com,+34 685529953,psiquiatría
336,miguel,maza marques,Tarragona,miguel.maza.336@yopmail.com,+34 605969320,médico de cabecera
337,brunilda,cases sandoval,Santa Cruz de Tenerife,brunilda.cases.337@yopmail.com,+34 627305270,cardiología
338,luis_angel,sarabia cuellar,Santa Cruz de Tenerife,luis_angel.sarabia.338@yopmail.com,+34 691821714,neumología
339,rogelio,alvarez rubio,Santa Cruz de Tenerife,rogelio.alvarez.339@yopmail.com,+34 615592578,endocrinología
340,araceli,camacho osorio,Santa Cruz de Tenerife,araceli.camacho.340@yopmail.com,+34 616302502,neurología
341,angelica,mesa bermejo,Santa Cruz de Tenerife,angelica.mesa.341@yopmail.com,+34 663757555,gastroenterología
342,fernanda,borrell tomas,Santa Cruz de Tenerife,fernanda.borrell.342@yopmail.com,+34 673940844,alergología
343,tomas,azcona tovar,Santa Cruz de Tenerife,tomas.azcona.343@yopmail.com,+34 678910172,psiquiatría
344,angelica,barranco nebot,Santa Cruz de Tenerife,angelica.barranco.344@yopmail.com,+34 694025455,médico de cabecera
345,rebeca,santamaria checa,Teruel,rebeca.santamaria.345@yopmail.com,+34 699366151,cardiología
346,severiano,ponce zabaleta,Teruel,severiano.ponce.346@yopmail.com,+34 697214313,neumología
347,marco,goni narvaez,Teruel,marco.goni.347@yopmail.com,+34 672101949,endocrinología
348,eva_maria,larrea muro,Teruel,eva_maria.larrea.348@yopmail.com,+34 628004656,neurología
349,francisco_javier,perea mendizabal,Teruel,francisco_javier.perea.349@yopmail.com,+34 638912106,gastroenterología
350,maria_del_carmen,lamas carvajal,Teruel,maria_del_carmen.lamas.350@yopmail.com,+34 621703894,alergología
351,renato,espanol arellano,Teruel,renato.espanol.351@yopmail.com,+34 664917355,psiquiatría
352,porfirio,madrigal sanz,Teruel,porfirio.madrigal.352@yopmail.com,+34 667578487,médico de cabecera
353,javiera,prada bermejo,Toledo,javiera.prada.353@yopmail.com,+34 610454319,cardiología
354,emilio,segovia conesa,Toledo,emilio.segovia.354@yopmail.com,+34 644570729,neumología
355,azucena,vigil vigil,Toledo,azucena.vigil.355@yopmail.com,+34 611877810,endocrinología
356,ismael,beltran vicente,Toledo,ismael.beltran.356@yopmail.com,+34 617191081,neurología
357,edgardo,bejarano chaves,Toledo,edgardo.bejarano.357@yopmail.com,+34 675542460,gastroenterología
358,ofelia,pellicer larranaga,Toledo,ofelia.pellicer.358@yopmail.com,+34 679815221,alergología
359,berto,jordan tamarit,Toledo,berto.jordan.359@yopmail.com,+34 699187495,psiquiatría
360,santos,jove valentin,Toledo,santos.jove.360@yopmail.com,+34 692902548,médico de cabecera
361,adela,peiro machado,Valencia,adela.peiro.361@yopmail.com,+34 602503467,cardiología
362,leandra,sosa chacon,Valencia,leandra.sosa.362@yopmail.com,+34 659896564,neumología
363,isidoro,riba alberola,Valencia,isidoro.riba.363@yopmail.com,+34 670151265,endocrinología
364,eliseo,gabaldon chico,Valencia,eliseo.gabaldon.364@yopmail.com,+34 656839227,neurología
365,gilberto,gamez suarez,Valencia,gilberto.gamez.365@yopmail.com,+34 665838183,gastroenterología
366,reyna,roldan canovas,Valencia,reyna.roldan.366@yopmail.com,+34 617555308,alergología
367,amalia,palomares muniz,Valencia,amalia.palomares.367@yopmail.com,+34 635696578,psiquiatría
368,duilio,torres lumbreras,Valencia,duilio.torres.368@yopmail.com,+34 623136613,médico de cabecera
369,susanita,ugarte prado,Valladolid,susanita.ugarte.369@yopmail.com,+34 653224856,cardiología
370,rosa,caballero hoyos,Valladolid,rosa.caballero.370@yopmail.com,+34 614792989,neumología
371,lidia,mayoral hervas,Valladolid,lidia.mayoral.371@yopmail.com,+34 655048208,endocrinología
372,rafaela,murcia mayol,Valladolid,rafaela.murcia.372@yopmail.com,+34 605702327,neurología
373,jose_mari,pintor lerma,Valladolid,jose_mari.pintor.373@yopmail.com,+34 659611947,gastroenterología
374,susana,bermudez fernandez,Valladolid,susana.bermudez.374@yopmail.com,+34 696361147,alergología
375,guiomar,gargallo moll,Valladolid,guiomar.gargallo.375@yopmail.com,+34 648689011,psiquiatría
376,salome,gomis carbo,Valladolid,salome.gomis.376@yopmail.com,+34 628338368,médico de cabecera
377,lorenzo,heredia raya,Bizkaia,lorenzo.heredia.377@yopmail.com,+34 665224110,cardiología
378,tatiana,rincon sala,Bizkaia,tatiana.rincon.378@yopmail.com,+34 697279058,neumología
379,paz,roig lucas,Bizkaia,paz.roig.379@yopmail.com,+34 650026400,endocrinología
380,alicia,alonso galiano,Bizkaia,alicia.alonso.380@yopmail.com,+34 604281787,neurología
381,valentina,bustamante sabater,Bizkaia,valentina.bustamante.381@yopmail.com,+34 621762810,gastroenterología
382,ingrid,quero somoza,Bizkaia,ingrid.quero.382@yopmail.com,+34 625149532,alergología
383,severino,pacheco company,Bizkaia,severino.pacheco.383@yopmail.com,+34 681153501,psiquiatría
384,itziar,carrillo ordonez,Bizkaia,itziar.carrillo.384@yopmail.com,+34 652541780,médico de cabecera
385,trini,rueda exposito,Zamora,trini.rueda.385@yopmail.com,+34 625853643,cardiología
386,celestina,coronado robles,Zamora,celestina.coronado.386@yopmail.com,+34 661932251,neumología
387,leyre,arias espada,Zamora,leyre.arias.387@yopmail.com,+34 608023202,endocrinología
388,chita,perea serrano,Zamora,chita.perea.388@yopmail.com,+34 622638362,neurología
389,sigfrido,izquierdo aramburu,Zamora,sigfrido.izquierdo.389@yopmail.com,+34 694274430,gastroenterología
390,dani,tirado soriano,Zamora,dani.tirado.390@yopmail.com,+34 665362658,alergología
391,blas,marin cardenas,Zamora,blas.marin.391@yopmail.com,+34 692290480,psiquiatría
392,haroldo,valencia torrijos,Zamora,haroldo.valencia.392@yopmail.com,+34 649150363,médico de cabecera
393,alfredo,calderon rovira,Zaragoza,alfredo.calderon.393@yopmail.com,+34 619171227,cardiología
394,emilio,sevilla benet,Zaragoza,emilio.sevilla.394@yopmail.com,+34 668514220,neumología
395,perla,canete hervas,Zaragoza,perla.canete.395@yopmail.com,+34 606905559,endocrinología
396,priscila,benet alcaraz,Zaragoza,priscila.benet.396@yopmail.com,+34 685564649,neurología
397,concepcion,blanca carbajo,Zaragoza,concepcion.blanca.397@yopmail.com,+34 635147198,gastroenterología
398,regina,blasco miranda,Zaragoza,regina.blasco.398@yopmail.com,+34 646715140,alergología
399,bruno,lopez benavent,Zaragoza,bruno.lopez.399@yopmail.com,+34 603957687,psiquiatría
400,laura,campo ramirez,Zaragoza,laura.campo.400@yopmail.com,+34 661648291,médico de cabecera
401,montserrat,bertran campo,Ceuta,montserrat.bertran.401@yopmail.com,+34 634588180,cardiología
402,gaspar,pena barbero,Ceuta,gaspar.pena.402@yopmail.com,+34 626612670,neumología
403,mariana,pino penalver,Ceuta,mariana.pino.403@yopmail.com,+34 642343619,endocrinología
404,vilma,quintanilla gonzalo,Ceuta,vilma.quintanilla.404@yopmail.com,+34 682619921,neurología
405,victor_manuel,campos velez,Ceuta,victor_manuel.campos.405@yopmail.com,+34 657684917,gastroenterología
406,teo,miralles manzanares,Ceuta,teo.miralles.406@yopmail.com,+34 659921403,alergología
407,griselda,martorell gisbert,Ceuta,griselda.martorell.407@yopmail.com,+34 601656942,psiquiatría
408,tomasa,porras ferrando,Ceuta,tomasa.porras.408@yopmail.com,+34 665701566,médico de cabecera
409,teodosio,ayala arregui,Melilla,teodosio.ayala.409@yopmail.com,+34 678773553,cardiología
410,josue,dalmau sureda,Melilla,josue.dalmau.410@yopmail.com,+34 648031625,neumología
411,bienvenida,angel comas,Melilla,bienvenida.angel.411@yopmail.com,+34 690617221,endocrinología
412,marcela,miguel linares,Melilla,marcela.miguel.412@yopmail.com,+34 626756680,neurología
413,teobaldo,roldan jerez,Melilla,teobaldo.roldan.413@yopmail.com,+34 625363224,gastroenterología
414,tamara,cerda roda,Melilla,tamara.cerda.414@yopmail.com,+34 660905127,alergología
415,jose_ignacio,rodrigo salamanca,Melilla,jose_ignacio.rodrigo.415@yopmail.com,+34 601841503,psiquiatría
416,reyes,villa saura,Melilla,reyes.villa.416@yopmail.com,+34 658120095,médico de cabecera
